"Avenida José Amauri Delfino";"Altos do Caetê I";"Norte";"São José dos Campos, SP";"12213-132";4;"43.1665179";"22.7026163"
"Alameda dos Hibiscus";"Condomínio Colinas do Parahyba";"Norte";"São José dos Campos, SP";"12213-625";4;"43.4908234";"22.8706482"
"Avenida Aquarela do Brasil";"Condomínio Residencial Jaguary";"Norte";"São José dos Campos, SP";"12244-625";1;"43.4908234";"22.8706482"
"Rua Monte Kilimanjaro";"Jardim Altos de Santana";"Norte";"São José dos Campos, SP";"12214-370";4;"45.459147";"23.459147"
"Avenida Alto do Rio Doce";"Jardim Altos de Santana";"Norte";"São José dos Campos, SP";"12214-010";5;"45.591199";"23.591199"
"Rua Benedito de Paula";"Santana";"Norte";"São José dos Campos, SP";"12211-242";4;"45.8091125";"23.8091125"
"Rua José Duarte Júnior";"Jardim Boa Vista";"Norte";"São José dos Campos, SP";"12213-660";4;"45.8131825";"23.8131825"
"Travessa Pedro José Dias";"Mirante do Buquirinha";"Norte";"São José dos Campos, SP";"12214-544";2;"45.9202374999999";"23.1082640999999"
"Travessa Pica Pau Amarelo";"Mirante do Buquirinha";"Norte";"São José dos Campos, SP";"12214-547";5;"45.9240206";"23.1005793999999"
"Rua Francisco Brogliato";"Parque Independencia";"Norte";"São José dos Campos, SP";"12237-630";4;"45.9178413999999";"23.2535121999999"
"Estrada Municipal Pedro Moacir de Almeida";"Alto da Ponte";"Norte";"São José dos Campos, SP";"12212-452";5;"45.8524977";"23.1155129"
"Rua dos Coqueiros";"Vila Unidos";"Norte";"São José dos Campos, SP";"12214-512";1;"45.86998";"23.2662458"
"Rua Benedito Pereira Lima";"Jardim Telespark";"Norte";"São José dos Campos, SP";"12212-700";1;"45.8844468";"23.8844468"
"Rua José Bonifácio de Arantes";"Vila Paiva";"Norte";"São José dos Campos, SP";"12213-350";5;"45.8854926";"23.8854926"
"Rua Augusto de Oliveira e Silva";"Vila Cristina";"Norte";"São José dos Campos, SP";"12211-126";2;"45.8874206";"23.8874206"
"Rua Antônio Rodrigues Guedes do Prado";"Vila Cristina";"Norte";"São José dos Campos, SP";"12211-127";5;"45.8880223";"23.8880223"
"Rua Antônio de Oliveira e Silva";"Vila Cristina";"Norte";"São José dos Campos, SP";"12211-125";5;"45.8886207";"23.8886207"
"Rua Manoel de Oliveira e Silva";"Vila Cristina";"Norte";"São José dos Campos, SP";"12211-123";4;"45.8894016";"23.8894016"
"Rua José de Oliveira Prisco";"Vila Cristina";"Norte";"São José dos Campos, SP";"12211-129";3;"45.8894216";"23.8894216"
"Rua José Dias Medeiros";"Vila Cristina";"Norte";"São José dos Campos, SP";"12211-120";2;"45.8896641";"23.8896641"
"Travessa Medeiros";"Vila Cristina";"Norte";"São José dos Campos, SP";"12211-124";3;"45.8896641";"23.8896641"
"Rua Frediano Bianchi";"Santana";"Norte";"São José dos Campos, SP";"12211-350";4;"45.8900817999999";"23.161798"
"Rua Augusto Ferreira Vinhas";"Santana";"Norte";"São José dos Campos, SP";"12211-340";2;"45.8904530999999";"23.1625926"
"Travessa Constantino Pintos";"Vila Rossi";"Norte";"São José dos Campos, SP";"12211-110";1;"45.8905315";"23.1665204999999"
"Rua Paulo Madureira Lebrão";"Vila Alexandrina";"Norte";"São José dos Campos, SP";"12211-240";5;"45.8907373";"23.8907373"
"Rua Targino Cardoso de Araújo";"Vila Nova Cristina";"Norte";"São José dos Campos, SP";"12211-137";5;"45.8910470999999";"23.1577807"
"Rua Benedito Alves da Silva";"Santana";"Norte";"São José dos Campos, SP";"12211-260";5;"45.8913441";"23.1626096"
"Rua Mário de Araújo Cesar";"Santana";"Norte";"São José dos Campos, SP";"12211-250";4;"45.8914183";"23.1633001"
"Avenida Olivo Gomes";"Santana";"Norte";"São José dos Campos, SP";"12211-115";1;"45.8914686";"23.1687910999999"
"Rua Dorvalina Isaura Conceição dos Santos";"Vila Nova Cristina";"Norte";"São José dos Campos, SP";"12211-135";4;"45.8916411";"23.1582841999999"
"Rua Claudino Prisco";"Vila Nova Cristina";"Norte";"São José dos Campos, SP";"12211-139";5;"45.8916411";"23.1579889"
"Rua Oswaldo da Silva Chaves";"Jardim Ouro Preto";"Norte";"São José dos Campos, SP";"12211-470";2;"45.8917023999999";"23.1558963999999"
"Rua Franz de Castro Holzwarth";"Santana";"Norte";"São José dos Campos, SP";"12211-230";5;"45.8919089";"23.1700713"
"Rua Antero Madureira";"Vila Zizinha";"Norte";"São José dos Campos, SP";"12211-010";2;"45.8919381";"23.1731536"
"Rua Alexandrino José de Souza";"Santana";"Norte";"São José dos Campos, SP";"12211-310";2;"45.8922350999999";"23.162922"
"Rua José Antônio Cury";"Vila Rossi";"Norte";"São José dos Campos, SP";"12211-080";2;"45.8928291999999";"23.1696271"
"Rua Tuiuti";"Vila Rossi";"Norte";"São José dos Campos, SP";"12211-090";2;"45.8928291999999";"23.1684457999999"
"Travessa Francisca Moreira Rangel";"Vila Rangel";"Norte";"São José dos Campos, SP";"12211-459";2;"45.8928291999999";"23.1584052999999"
"Rua José Nunes de Paula";"Vila Rossi";"Norte";"São José dos Campos, SP";"12211-030";4;"45.8931261999999";"23.1703218"
"Travessa Herminio Intrieri";"Vila Rangel";"Norte";"São José dos Campos, SP";"12211-463";3;"45.8932386999999";"23.1574776999999"
"Rua Tupinambás";"Santana";"Norte";"São José dos Campos, SP";"12211-300";3;"45.8932991";"23.161355"
"Rua Francisca Maria de Souza";"Vila Rangel";"Norte";"São José dos Campos, SP";"12211-461";3;"45.8933390999999";"23.1579456"
"Rua Carlos Rodrigues da Costa";"Vila Rossi";"Norte";"São José dos Campos, SP";"12211-100";5;"45.8933489999999";"23.1675205999999"
"Rua Monteiro Lobato";"Vila Rangel";"Norte";"São José dos Campos, SP";"12211-430";2;"45.8934232";"23.1592041"
"Rua Engenheiro Leovigildo Trindade";"Vila Rossi";"Norte";"São José dos Campos, SP";"12211-070";1;"45.8934974999999";"23.1689016"
"Rua Tapajós";"Vila Rangel";"Norte";"São José dos Campos, SP";"12211-457";2;"45.8935075999999";"23.1596683"
"Avenida Princesa Isabel";"Santana";"Norte";"São José dos Campos, SP";"12211-620";3;"45.8935647";"23.1613464"
"Rua Manoel Lemes Palmeira";"Santana";"Norte";"São José dos Campos, SP";"12211-241";4;"45.8937202999999";"23.1669863"
"Praça Santa Cruz";"Santana";"Norte";"São José dos Campos, SP";"12211-220";3;"45.8938395";"23.1653475999999"
"Rua Antônio Júlio da Costa Guimarães";"Vila Alexandrina";"Norte";"São José dos Campos, SP";"12211-270";1;"45.8939548";"23.8939548"
"Rua Olivo Gomes";"Vila Alexandrina";"Norte";"São José dos Campos, SP";"12211-290";3;"45.8939548";"23.8939548"
"Travessa Antônio de Souza Neves";"Santana";"Norte";"São José dos Campos, SP";"12211-243";1;"45.8940172999999";"23.1659091999999"
"Travessa Francisco Rodrigues Freire";"Santana";"Norte";"São José dos Campos, SP";"12211-291";5;"45.8942400999999";"23.1608931"
"Rua José Maria Monteiro";"Vila Zizinha";"Norte";"São José dos Campos, SP";"12211-021";4;"45.8943121999999";"23.1721292"
"Travessa Terezinha Savastano";"Vila Alexandrina";"Norte";"São José dos Campos, SP";"12211-190";2;"45.8943886";"23.1653748999999"
"Rua Pureza Maria da Conceição";"Vila São Geraldo";"Norte";"São José dos Campos, SP";"12213-290";5;"45.8943974";"23.8943974"
"Rua Luís Gama";"Vila Alexandrina";"Norte";"São José dos Campos, SP";"12211-200";1;"45.8948340999999";"23.1653833999999"
"Rua José do Patrocínio";"Santana";"Norte";"São José dos Campos, SP";"12211-700";2;"45.8949824";"23.1595001"
"Travessa Deolinda Soares";"Santana";"Norte";"São José dos Campos, SP";"12211-170";5;"45.8952797";"23.1636201"
"Rua Antônio Peneluppi Filho";"Vila Alexandrina";"Norte";"São José dos Campos, SP";"12211-160";5;"45.8953739";"23.8953739"
"Praça Antônio Prado";"Santana";"Norte";"São José dos Campos, SP";"12211-210";5;"45.8954521";"23.1624579"
"Rua da Grama";"Santana";"Norte";"São José dos Campos, SP";"12211-622";3;"45.8954582";"23.1559114"
"Rua Manoel Prianti";"Santana";"Norte";"São José dos Campos, SP";"12211-720";5;"45.8955025";"23.1584563"
"Rua Avaristo Borges";"Santana";"Norte";"São José dos Campos, SP";"12211-690";3;"45.8957376999999";"23.1577591999999"
"Travessa Quirino Custódio da Silva";"Santana";"Norte";"São José dos Campos, SP";"12211-181";3;"45.8958738";"23.1641236"
"Rua José da Costa Pinheiro";"Santana";"Norte";"São José dos Campos, SP";"12211-680";4;"45.8963936";"23.1572919"
"Praça Monsenhor Luiz Gonzaga Alves Cavalheiro";"Santana";"Norte";"São José dos Campos, SP";"12211-830";5;"45.8964201";"23.1593991"
"Rua Mário Pulga";"Santana";"Norte";"São José dos Campos, SP";"12211-670";5;"45.8964479";"23.1564955"
"Rua Manoel Rodrigues de Moraes";"Santana";"Norte";"São José dos Campos, SP";"12211-640";3;"45.8967576";"23.1559707"
"Rua Vaz Caminha";"Santana";"Norte";"São José dos Campos, SP";"12211-770";4;"45.8969876999999";"23.1580907999999"
"Rua Pedro Rachid";"Santana";"Norte";"São José dos Campos, SP";"12211-180";2;"45.8970531";"23.8970531"
"Rua Jaci";"Santana";"Norte";"São José dos Campos, SP";"12211-750";4;"45.897147";"23.1598359999999"
"Rua Licínio Leite Machado";"Santana";"Norte";"São José dos Campos, SP";"12212-020";2;"45.8972847999999";"23.1620341"
"Praça Bandeirantes";"Santana";"Norte";"São José dos Campos, SP";"12211-790";4;"45.8972928";"23.1558047"
"Rua Coronel Afro Marcondes";"Santana";"Norte";"São José dos Campos, SP";"12211-660";2;"45.8973978";"23.1565716"
"Praça Anchieta";"Santana";"Norte";"São José dos Campos, SP";"12211-650";4;"45.897402";"23.1560604"
"Rua Raul Ramos de Araújo";"Santana";"Norte";"São José dos Campos, SP";"12211-760";5;"45.8978185";"23.8978185"
"Rua Sebastião Benedito Dias";"Santana";"Norte";"São José dos Campos, SP";"12212-210";2;"45.8978789";"23.1616517"
"Rua Francisco José da Costa";"Santana";"Norte";"São José dos Campos, SP";"12211-780";1;"45.8981758999999";"23.1573258999999"
"Rua Aristoteles Cirilo";"Santana";"Norte";"São José dos Campos, SP";"12212-031";4;"45.8982058";"23.8982058"
"Rua Professor Jacir Madureira";"Santana";"Norte";"São José dos Campos, SP";"12212-040";2;"45.898473";"23.1621551999999"
"Rua Sargento Sílvio Guizão";"Jardim Maritéia";"Norte";"São José dos Campos, SP";"12212-470";2;"45.898473";"23.1500467999999"
"Travessa José Fernandes Queiroz";"Santana";"Norte";"São José dos Campos, SP";"12212-070";4;"45.8985472";"23.1604830999999"
"Rua Nhumirim";"Santana";"Norte";"São José dos Campos, SP";"12212-010";2;"45.8985656";"23.8985656"
"Rua Capitão Elisiário";"Santana";"Norte";"São José dos Campos, SP";"12211-800";3;"45.8986802";"23.8986802"
"Rua Maria Pinotti Bicudo";"Santana";"Norte";"São José dos Campos, SP";"12211-820";4;"45.8986957999999";"23.1556621999999"
"Rua José Dias de Aguiar";"Santana";"Norte";"São José dos Campos, SP";"12212-080";1;"45.8988443";"23.1608825"
"Rua São Jorge";"Santana";"Norte";"São José dos Campos, SP";"12212-060";2;"45.899164";"23.899164"
"Rua Manoel Ramos Machado";"Santana";"Norte";"São José dos Campos, SP";"12211-810";1;"45.8992898999999";"23.156461"
"Rua Maria Luiza Espírito Santo";"Santana";"Norte";"São José dos Campos, SP";"12211-841";3;"45.8993069999999";"23.1565446999999"
"Travessa Atílio Roberti";"Santana";"Norte";"São José dos Campos, SP";"12212-001";2;"45.8993522";"23.8993522"
"Rua Presidente Campos Salles";"Santana";"Norte";"São José dos Campos, SP";"12212-140";5;"45.8993642";"23.1589235"
"Rua Antônio Vieira de Souza";"Santana";"Norte";"São José dos Campos, SP";"12211-840";1;"45.8995465";"23.8995465"
"Praça Armando Sales de Oliveira";"Santana";"Norte";"São José dos Campos, SP";"12212-160";5;"45.8996647";"23.1604995"
"Rua Presidente Washington Luís";"Santana";"Norte";"São José dos Campos, SP";"12212-150";1;"45.8998677";"23.8998677"
"Travessa Rodolfo Ferrianci";"Santana";"Norte";"São José dos Campos, SP";"12212-002";2;"45.8999462";"23.8999462"
"Rua Virgílio Emídio Bispo";"Jardim Maritéia";"Norte";"São José dos Campos, SP";"12212-450";1;"45.8999582999999";"23.1505670999999"
"Rua José Pereira Filho";"Alto da Ponte";"Norte";"São José dos Campos, SP";"12212-490";2;"45.8999582999999";"23.1529297"
"Rua A";"Buquirinha";"Norte";"São José dos Campos, SP";"12213-841";4;"45.8999843999999";"23.1347275"
"Rua Paraguassu";"Santana";"Norte";"São José dos Campos, SP";"12212-110";1;"45.900136";"23.900136"
"Rua Presidente Nilo Peçanha";"Santana";"Norte";"São José dos Campos, SP";"12212-130";4;"45.9002734";"23.9002734"
"Rua da Consolação";"Santana";"Norte";"São José dos Campos, SP";"12212-180";5;"45.9003983";"23.9003983"
"Rua Maria Conceição da Cunha";"Alto da Ponte";"Norte";"São José dos Campos, SP";"12212-520";3;"45.9004782";"23.153038"
"Rua Alzirio Lebrão";"Alto da Ponte";"Norte";"São José dos Campos, SP";"12212-500";2;"45.9005523999999";"23.1522519"
"Rua Mário Martins Pereira";"Vila Esmeralda";"Norte";"São José dos Campos, SP";"12212-190";2;"45.9007769";"23.9007769"
"Rua Presidente Júlio Prestes";"Santana";"Norte";"São José dos Campos, SP";"12212-170";1;"45.900792";"23.900792"
"Rua Itararé";"Alto da Ponte";"Norte";"São José dos Campos, SP";"12212-430";1;"45.9008494999999";"23.1514699999999"
"Rua Carlos Belmiro dos Santos";"Santana";"Norte";"São José dos Campos, SP";"12212-050";4;"45.9009245";"23.9009245"
"Rua Sebastiana Maria Trindade";"Alto da Ponte";"Norte";"São José dos Campos, SP";"12212-410";5;"45.9010060999999";"23.1508082999999"
"Rua Presidente Prudente de Morais";"Santana";"Norte";"São José dos Campos, SP";"12212-120";5;"45.9011396";"23.9011396"
"Rua Anselmo Carnevalli";"Vila Veneziani";"Norte";"São José dos Campos, SP";"12212-610";4;"45.9012849";"23.9012849"
"Rua Cândido Gonçalves de Bem";"Jardim Maritéia";"Norte";"São José dos Campos, SP";"12212-460";5;"45.9013204";"23.1500612"
"Avenida Rui Barbosa, 2376";"Santana";"Norte";"São José dos Campos, SP";"12212-970";3;"45.9013595";"23.9013595"
"Rua David Miguel dos Santos";"Alto da Ponte";"Norte";"São José dos Campos, SP";"12212-420";5;"45.9014678999999";"23.1512654999999"
"Rua Aristeu Rodrigues de Santana";"Santana";"Norte";"São José dos Campos, SP";"12212-290";3;"45.9016637999999";"23.1633699999999"
"Rua Audemo Veneziani";"Alto da Ponte";"Norte";"São José dos Campos, SP";"12212-372";4;"45.9018192999999";"23.1519477999999"
"Rua São Vicente";"Conjunto Residencial Vila Leila";"Norte";"São José dos Campos, SP";"12212-560";1;"45.9018247";"23.1549484999999"
"Rua Agenor Luchetti Simão";"Alto da Ponte";"Norte";"São José dos Campos, SP";"12212-390";3;"45.9020377999999";"23.1504094999999"
"Travessa José Moreira Campos";"Alto da Ponte";"Norte";"São José dos Campos, SP";"12212-620";5;"45.9020377999999";"23.1515909"
"Avenida Maria Cândida Delgado";"Jardim Santa Matilde";"Norte";"São José dos Campos, SP";"12213-573";4;"45.9020377999999";"23.1391867"
"Praça Pedro Ribeiro Godoy";"Santana";"Norte";"São José dos Campos, SP";"12212-281";2;"45.9021121";"23.1645379999999"
"Rua Manoel Rosendo de Oliveira";"Vila Veneziani";"Norte";"São José dos Campos, SP";"12212-400";1;"45.9021163";"23.9021163"
"Rua Santa Matilde";"Jardim Santa Matilde";"Norte";"São José dos Campos, SP";"12213-570";2;"45.9021371";"23.1410894999999"
"Avenida Rui Barbosa";"Alto da Ponte";"Norte";"São José dos Campos, SP";"12212-531";1;"45.9023349";"23.1531717"
"Rua Professor Adjacy Sampaio Murity";"Jardim Santa Matilde";"Norte";"São José dos Campos, SP";"12213-610";1;"45.9023349";"23.1404721"
"Praça Santa Efigênia";"Jardim Santa Matilde";"Norte";"São José dos Campos, SP";"12213-620";4;"45.9023498";"23.1405384999999"
"Praça São Marcos";"Vila Cândida";"Norte";"São José dos Campos, SP";"12213-530";3;"45.9024671999999";"23.1421429"
"Rua da Constituinte";"Vila Veneziani";"Norte";"São José dos Campos, SP";"12212-380";2;"45.9024782";"23.9024782"
"Rua São Benedito";"Jardim Santarém";"Norte";"São José dos Campos, SP";"12212-530";2;"45.9024834";"23.1554386999999"
"Rua Luiz Miguel dos Santos";"Alto da Ponte";"Norte";"São José dos Campos, SP";"12212-300";4;"45.9025479";"23.1523153"
"Rua Roberto de Paula Ferreira";"Santana";"Norte";"São José dos Campos, SP";"12212-250";1;"45.9026132";"23.9026132"
"Rua São Sebastião";"Jardim Santarém";"Norte";"São José dos Campos, SP";"12212-550";1;"45.9027913";"23.1546514"
"Travessa Noé de Souza Lima";"Alto da Ponte";"Norte";"São José dos Campos, SP";"12212-310";4;"45.9029290999999";"23.1519030999999"
"Rua Maria Renata Alcântara Manfredini";"Alto da Ponte";"Norte";"São José dos Campos, SP";"12212-371";5;"45.9030032999999";"23.1512646"
"Rua Deputado Fernando Ferrari";"Vila Veneziani";"Norte";"São José dos Campos, SP";"12212-360";3;"45.9031033";"23.9031033"
"Rua Independência";"Vila Veneziani";"Norte";"São José dos Campos, SP";"12212-370";5;"45.9031033";"23.9031033"
"Rua Elias da Cunha Melo";"Vila Veneziani";"Norte";"São José dos Campos, SP";"12212-580";3;"45.9031217";"23.9031217"
"Travessa Maria Marta";"Jardim Santa Matilde";"Norte";"São José dos Campos, SP";"12213-590";1;"45.9031774";"23.1405862999999"
"Rua Santa Terezinha";"Santana";"Norte";"São José dos Campos, SP";"12212-270";5;"45.903197";"23.903197"
"Rua Santa Rita";"Jardim Santarém";"Norte";"São José dos Campos, SP";"12212-540";2;"45.9032260999999";"23.1549605999999"
"Rua José Maria Vilaça";"Alto da Ponte";"Norte";"São José dos Campos, SP";"12212-340";5;"45.9032326999999";"23.1490911999999"
"Rua Enzo Guratti";"Vila Monte Alegre";"Norte";"São José dos Campos, SP";"12212-820";2;"45.9033003999999";"23.1568325"
"Rua Agenor Domingues Varanda";"Vila Cândida";"Norte";"São José dos Campos, SP";"12213-520";3;"45.9034697999999";"23.1433099"
"Rua Coronel Silvestre Cândido Ribeiro";"Vila Cândida";"Norte";"São José dos Campos, SP";"12213-560";5;"45.9035232";"23.1417741999999"
"Rua Nossa Senhora da Salete";"Jardim Santa Matilde";"Norte";"São José dos Campos, SP";"12213-580";1;"45.9035232";"23.1405928"
"Rua Santo Onofre";"Conjunto Residencial Vila Leila";"Norte";"São José dos Campos, SP";"12212-570";5;"45.9036437999999";"23.1543467"
"Rua Vicente Paulo dos Santos";"Alto da Ponte";"Norte";"São José dos Campos, SP";"12212-511";1;"45.9036443";"23.1480378"
"Rua Piraquara Clube";"Vila Sinhá";"Norte";"São José dos Campos, SP";"12212-630";1;"45.9036657999999";"23.1585894"
"Rua José Silvério de Souza";"Vila Cândida";"Norte";"São José dos Campos, SP";"12213-521";1;"45.9037065";"23.1426588"
"Rua Ester Oliveira Bertolini";"Alto da Ponte";"Norte";"São José dos Campos, SP";"12212-330";3;"45.9038203";"23.1486711"
"Rua Bernardo Priante";"Vila Cândida";"Norte";"São José dos Campos, SP";"12213-550";1;"45.9038203";"23.1421736"
"Rua Aracy Iria Camargo";"Conjunto Residencial Vila Leila";"Norte";"São José dos Campos, SP";"12212-483";3;"45.9039371";"23.1544774999999"
"Rua Ângelo de Siqueira Afonso";"Vila Sinhá";"Norte";"São José dos Campos, SP";"12212-657";2;"45.9043366";"23.1576291"
"Avenida Nacib Simão";"Alto da Ponte";"Norte";"São José dos Campos, SP";"12212-320";1;"45.9043402";"23.1486317"
"Rua Irene Maria de Jesus";"Conjunto Residencial Vila Leila";"Norte";"São José dos Campos, SP";"12212-481";1;"45.9043571";"23.154681"
"Rua Sebastião Geraldo do Nascimento";"Conjunto Residencial Vila Leila";"Norte";"São José dos Campos, SP";"12212-477";5;"45.9044339999999";"23.1545561"
"Rua Schaia Feigenson";"Jardim Telespark";"Norte";"São José dos Campos, SP";"12212-720";5;"45.9045627";"23.9045627"
"Rua Benedito Venâncio de Lima";"Conjunto Residencial Vila Leila";"Norte";"São José dos Campos, SP";"12212-475";3;"45.9046373";"23.154052"
"Rua Luiz Murat";"Vila Sinhá";"Norte";"São José dos Campos, SP";"12212-653";4;"45.9046886";"23.9046886"
"Rua Guimarães Passos";"Vila Sinhá";"Norte";"São José dos Campos, SP";"12212-654";3;"45.9048217";"23.9048217"
"Rua Francisco Rodrigues Cardoso";"Jardim Guimarães";"Norte";"São José dos Campos, SP";"12213-145";4;"45.9048236";"23.9048236"
"Rua Paula Ney";"Vila Sinhá";"Norte";"São José dos Campos, SP";"12212-656";4;"45.9048517";"23.9048517"
"Travessa Santa Joana D'Arc";"Alto da Ponte";"Norte";"São José dos Campos, SP";"12212-515";5;"45.9048705";"23.1556616999999"
"Rua Lázaro Caetano da Costa";"Conjunto Residencial Vila Leila";"Norte";"São José dos Campos, SP";"12212-479";3;"45.9049344";"23.1545990999999"
"Rua Francisco João Leme";"Vila Sinhá";"Norte";"São José dos Campos, SP";"12212-655";4;"45.9053058";"23.1580519"
"Rua Doutor Othon dos Santos Mercadante";"Vila Sinhá";"Norte";"São José dos Campos, SP";"12212-650";1;"45.9055286";"23.1590899"
"Rua Augusto Luiz de Almeida";"Jardim Telespark";"Norte";"São José dos Campos, SP";"12212-750";2;"45.9056029";"23.1611095"
"Rua José Prianti Chaves";"Jardim Guimarães";"Norte";"São José dos Campos, SP";"12213-140";1;"45.9063990999999";"23.1560235"
"Rua Maria Francisca dos Santos";"Jardim Guimarães";"Norte";"São José dos Campos, SP";"12213-130";3;"45.9066978";"23.9066978"
"Rua Santo Dias da Silva";"Vila Paiva";"Norte";"São José dos Campos, SP";"12213-410";1;"45.9067913";"23.1387836"
"Rua Taquaral";"Jardim Telespark";"Norte";"São José dos Campos, SP";"12212-770";3;"45.9068656";"23.1595583"
"Rua Ricardo Gonçalves";"Vila Sinhá";"Norte";"São José dos Campos, SP";"12212-652";1;"45.9069084";"23.9069084"
"Rua Pedro David Filho";"Jardim Telespark";"Norte";"São José dos Campos, SP";"12212-760";5;"45.9069996";"23.9069996"
"Rua Felipe de Oliveira";"Vila Sinhá";"Norte";"São José dos Campos, SP";"12212-651";3;"45.9070138999999";"23.157681"
"Rua Noel Cardoso da Silva";"Vila Paiva";"Norte";"São José dos Campos, SP";"12213-420";5;"45.907015";"23.1401491999999"
"Avenida Conde Francisco Matarazzo";"Jardim Telespark";"Norte";"São José dos Campos, SP";"12212-710";1;"45.907163";"23.907163"
"Praça César Traballi";"Jardim Telespark";"Norte";"São José dos Campos, SP";"12212-810";3;"45.9072456";"23.1605363"
"Rua Pico Marins";"Jardim Altos de Santana";"Norte";"São José dos Campos, SP";"12214-160";2;"45.907284";"23.907284"
"Rua Montanha Fuji";"Jardim Altos de Santana";"Norte";"São José dos Campos, SP";"12214-170";4;"45.9073856";"23.1629154999999"
"Rua Urati";"Jardim Telespark";"Norte";"São José dos Campos, SP";"12212-800";2;"45.9074120999999";"23.1602475"
"Rua Monte Sinai";"Jardim Altos de Santana";"Norte";"São José dos Campos, SP";"12214-180";4;"45.9074173";"23.9074173"
"Rua Paulo Hunger";"Jardim Telespark";"Norte";"São José dos Campos, SP";"12212-740";5;"45.9074289";"23.9074289"
"Rua Maria José Machado";"Vila Paiva";"Norte";"São José dos Campos, SP";"12213-430";1;"45.9075174";"23.9075174"
"Rua Vera Babo de Oliveira";"Jardim Guimarães";"Norte";"São José dos Campos, SP";"12213-150";5;"45.9076948";"23.1560280999999"
"Avenida Doutor Numa de Oliveira";"Jardim Telespark";"Norte";"São José dos Campos, SP";"12212-660";5;"45.9077873";"23.9077873"
"Rua Boa Vista";"Vila Paiva";"Norte";"São José dos Campos, SP";"12213-390";5;"45.9077997";"23.9077997"
"Rua Jose de Alencar Araújo";"Recanto Caeté";"Norte";"São José dos Campos, SP";"12213-221";2;"45.8783408";"23.8783408"
"Rua Pedra Redonda";"Jardim Altos de Santana";"Norte";"São José dos Campos, SP";"12214-080";3;"45.9081404";"23.9081404"
"Rua Cecílio Corrá";"Jardim Guimarães";"Norte";"São José dos Campos, SP";"12213-160";3;"45.9081967";"23.9081967"
"Rua João Teodoro de Souza";"Recanto Caeté";"Norte";"São José dos Campos, SP";"12213-240";2;"45.9117425";"23.9117425"
"Rua Zoraide Siqueira";"Jardim Telespark";"Norte";"São José dos Campos, SP";"12212-680";5;"45.9082768999999";"23.1623417"
"Rua Serra das Araras";"Jardim Altos de Santana";"Norte";"São José dos Campos, SP";"12214-120";3;"45.9084078";"23.9084078"
"Rua Doutor Edgard de Souza";"Jardim Telespark";"Norte";"São José dos Campos, SP";"12212-780";3;"45.9085148";"23.9085148"
"Rua Fernando Corrá";"Jardim Guimarães";"Norte";"São José dos Campos, SP";"12213-170";5;"45.9085563";"23.9085563"
"Rua Francisco Ribeiro da Costa";"Jardim Guimarães";"Norte";"São José dos Campos, SP";"12213-190";3;"45.9085739999999";"23.1571293"
"Rua Pedra Vermelha";"Jardim Altos de Santana";"Norte";"São José dos Campos, SP";"12214-070";5;"45.9085849";"23.9085849"
"Rua Uruana";"Jardim Telespark";"Norte";"São José dos Campos, SP";"12212-790";5;"45.9087969";"23.1596441"
"Rua Benedito da Costa Andrade";"Jardim Guimarães";"Norte";"São José dos Campos, SP";"12213-180";2;"45.9088004";"23.9088004"
"Rua Monte Paschoal";"Jardim Altos de Santana";"Norte";"São José dos Campos, SP";"12214-090";1;"45.9088193";"23.165838"
"Rua Francisco de Assis Monteiro de Barros";"Jardim Guimarães";"Norte";"São José dos Campos, SP";"12213-200";2;"45.9088417";"23.9088417"
"Estrada Municipal Juca Carvalho";"Vila São Geraldo";"Norte";"São José dos Campos, SP";"12213-275";4;"45.9092816";"23.9092816"
"Rua Anacleto Veneziani";"Jardim Telespark";"Norte";"São José dos Campos, SP";"12212-670";4;"45.9093448";"23.9093448"
"Rua Ângelo Miguel Scavazzini";"Jardim Boa Vista";"Norte";"São José dos Campos, SP";"12213-640";1;"45.9094653999999";"23.1344032"
"Rua Maria Conceição da Silva";"Vila Paiva";"Norte";"São José dos Campos, SP";"12213-503";3;"45.9094728";"23.9094728"
"Rua Almenara";"Vila Paiva";"Norte";"São José dos Campos, SP";"12213-440";4;"45.9094915";"23.9094915"
"Rua José Vieira da Silva";"Jardim Boa Vista";"Norte";"São José dos Campos, SP";"12213-710";3;"45.909493";"23.1343411"
"Rua Luiz Borges Filho";"Jardim Telespark";"Norte";"São José dos Campos, SP";"12212-690";2;"45.9096063";"23.9096063"
"Rua Amâncio Bráulio de Melo";"Jardim Boa Vista";"Norte";"São José dos Campos, SP";"12213-650";2;"45.9096511";"23.9096511"
"Rua Maria Luiza Rodrigues Costa";"Jardim Boa Vista";"Norte";"São José dos Campos, SP";"12213-630";5;"45.9096953";"23.9096953"
"Rua Brasilino de Paula Ferreira";"Vila Paiva";"Norte";"São José dos Campos, SP";"12213-470";5;"45.9098043";"23.9098043"
"Rua Lucia Lambertine";"Vila Paiva";"Norte";"São José dos Campos, SP";"12213-360";5;"45.9098149";"23.9098149"
"Rua Peixinhos";"Vila Paiva";"Norte";"São José dos Campos, SP";"12213-510";5;"45.9098214";"23.9098214"
"Rua Guarda-Mor";"Vila Paiva";"Norte";"São José dos Campos, SP";"12213-501";1;"45.9102152";"23.9102152"
"Rua João Vilaça de Oliveira";"Jardim Boa Vista";"Norte";"São José dos Campos, SP";"12213-670";5;"45.9103082";"23.9103082"
"Rua Resplendor";"Vila Paiva";"Norte";"São José dos Campos, SP";"12213-480";4;"45.9103567999999";"23.1397364"
"Rua Anna Ortega Traballi";"Vila São Geraldo";"Norte";"São José dos Campos, SP";"12213-215";3;"45.9105231";"23.1467908999999"
"Rua Cordelio da Costa";"Vila Paiva";"Norte";"São José dos Campos, SP";"12213-380";4;"45.9105664";"23.9105664"
"Rua Sebastião Alves de Almeida";"Jardim Boa Vista";"Norte";"São José dos Campos, SP";"12213-680";3;"45.9106366";"23.1350218"
"Rua Geraldo Ribeiro da Costa";"Vila São Geraldo";"Norte";"São José dos Campos, SP";"12213-340";5;"45.9107179";"23.9107179"
"Rua Rio Manso";"Altos da Vila Paiva";"Norte";"São José dos Campos, SP";"12213-060";1;"45.910728";"23.910728"
"Largo da Boa Vista";"Jardim Boa Vista";"Norte";"São José dos Campos, SP";"12213-690";2;"45.9107983";"23.13433"
"Rua Serafim Alves de Moura";"Vila Paiva";"Norte";"São José dos Campos, SP";"12213-490";2;"45.9109510999999";"23.1396489999999"
"Rua Monte Castelo";"Jardim Altos de Santana";"Norte";"São José dos Campos, SP";"12214-110";3;"45.9109510999999";"23.1662322999999"
"Rua Luiz Geraldo";"Buquirinha II";"Norte";"São José dos Campos, SP";"12214-587";1;"45.9109529";"23.0952184999999"
"Rua Serra da Ibitipoca";"Jardim Altos de Santana";"Norte";"São José dos Campos, SP";"12214-060";2;"45.9110358";"23.9110358"
"Rua Jaguari";"Vila Unidos";"Norte";"São José dos Campos, SP";"12214-505";2;"45.9110498";"23.9110498"
"Travessa Caeté";"Vila São Geraldo";"Norte";"São José dos Campos, SP";"12213-312";2;"45.9110653";"23.9110653"
"Rua Maria Fausta de Souza";"Jardim Boa Vista";"Norte";"São José dos Campos, SP";"12213-700";2;"45.9111738999999";"23.1335981999999"
"Rua Monte das Oliveiras";"Jardim Altos de Santana";"Norte";"São José dos Campos, SP";"12214-100";1;"45.911365";"23.911365"
"Rua Pico do Jaraguá";"Jardim Altos de Santana";"Norte";"São José dos Campos, SP";"12214-140";5;"45.9113842";"23.9113842"
"Rua Florinda Clemente Nucci";"Vila São Geraldo";"Norte";"São José dos Campos, SP";"12213-280";1;"45.9113911";"23.9113911"
"Rua Pico dos Três Estados";"Jardim Altos de Santana";"Norte";"São José dos Campos, SP";"12214-190";1;"45.9114364";"23.1621155"
"Rua Dilson Funaro";"Vila São Geraldo";"Norte";"São José dos Campos, SP";"12213-341";2;"45.9114616";"23.9114616"
"Rua Joaquim Teodoro da Silva";"Vila São Geraldo";"Norte";"São José dos Campos, SP";"12213-311";3;"45.9115957";"23.9115957"
"Rua Pico do Selado";"Jardim Altos de Santana";"Norte";"São José dos Campos, SP";"12214-050";3;"45.9115986";"23.9115986"
"Rua Ângelo Galo";"Recanto Caeté";"Norte";"São José dos Campos, SP";"12213-220";3;"45.9120862";"23.9120862"
"Rua Alto da Boa Vista";"Jardim Altos de Santana";"Norte";"São José dos Campos, SP";"12214-150";5;"45.9116271";"23.9116271"
"Rua Verão";"Recanto Caeté";"Norte";"São José dos Campos, SP";"12213-260";1;"45.9126712";"23.9126712"
"Rua Nivaldo Prisco da Cunha";"Vila Dirce";"Norte";"São José dos Campos, SP";"12213-040";4;"45.9117681999999";"23.1584695999999"
"Rua Butantã";"Vila Paiva";"Norte";"São José dos Campos, SP";"12213-500";3;"45.9118994";"23.9118994"
"Rua Ribeirão da Fartura";"Altos da Vila Paiva";"Norte";"São José dos Campos, SP";"12213-066";1;"45.9119913";"23.9119913"
"Rua Primavera";"Recanto Caeté";"Norte";"São José dos Campos, SP";"12213-250";5;"45.9141207";"23.9141207"
"Rua Ana Angélica de Oliveira";"Buquirinha";"Norte";"São José dos Campos, SP";"12213-810";2;"45.9121215";"23.1134768999999"
"Avenida Rio Buquira";"Altos da Vila Paiva";"Norte";"São José dos Campos, SP";"12213-072";1;"45.9121255";"23.9121255"
"Rua Braz Alves de Almeida";"Vila São Geraldo";"Norte";"São José dos Campos, SP";"12213-310";1;"45.9122407";"23.9122407"
"Rua Vicente Leporace";"Vila Dirce";"Norte";"São José dos Campos, SP";"12213-010";2;"45.9122523";"23.9122523"
"Rua Córrego da Ressaca";"Altos da Vila Paiva";"Norte";"São José dos Campos, SP";"12213-068";1;"45.9123833";"23.9123833"
"Rua Genoveva Pinto da Cunha";"Vila Dirce";"Norte";"São José dos Campos, SP";"12213-020";2;"45.9124367999999";"23.1581869"
"Rua Mário Scholz";"Vila Dirce";"Norte";"São José dos Campos, SP";"12213-030";2;"45.9124367999999";"23.1581869"
"Rua Major Manoel Fernandes Netto";"Vila São Geraldo";"Norte";"São José dos Campos, SP";"12213-270";5;"45.9124367999999";"23.1487349"
"Rua Serra Dourada";"Jardim Altos de Santana";"Norte";"São José dos Campos, SP";"12214-130";5;"45.9124374";"23.9124374"
"Rua Rio das Cobras";"Altos da Vila Paiva";"Norte";"São José dos Campos, SP";"12213-062";3;"45.9124714";"23.9124714"
"Rua Pico Cruzeiro";"Jardim Altos de Santana";"Norte";"São José dos Campos, SP";"12214-020";2;"45.9127339";"23.1683338"
"Rua Benedito de Oliveira e Silva";"Buquirinha";"Norte";"São José dos Campos, SP";"12213-790";3;"45.9128331";"23.1129617"
"Rua Córrego do Sabão";"Altos da Vila Paiva";"Norte";"São José dos Campos, SP";"12213-070";3;"45.9128711";"23.9128711"
"Rua José Fernando de Almeida Moura";"Vila Dirce";"Norte";"São José dos Campos, SP";"12213-050";3;"45.9129335";"23.1586206999999"
"Rua Pico do Pulpito";"Jardim Altos de Santana";"Norte";"São José dos Campos, SP";"12214-030";1;"45.9129623";"23.9129623"
"Rua Antônio de Oliveira Pinto";"Buquirinha";"Norte";"São José dos Campos, SP";"12213-800";5;"45.9129796";"23.110523"
"Rua Rio Jaguari";"Altos da Vila Paiva";"Norte";"São José dos Campos, SP";"12213-064";4;"45.9131386";"23.9131386"
"Rua Rufina Oliveira Arantes";"Buquirinha";"Norte";"São José dos Campos, SP";"12213-821";1;"45.9131871";"23.1125056999999"
"Rua Jair Firmino de Siqueira";"Vila São Geraldo";"Norte";"São José dos Campos, SP";"12213-320";5;"45.9135591";"23.9135591"
"Rua Pico Juliana";"Jardim Altos de Santana";"Norte";"São José dos Campos, SP";"12214-040";2;"45.9136899";"23.1672648"
"Rua Serra da Saudade";"Jardim Altos de Santana";"Norte";"São José dos Campos, SP";"12214-410";1;"45.9137948";"23.9137948"
"Rua Margarida Trindade Machado";"Vila Unidos";"Norte";"São José dos Campos, SP";"12214-503";4;"45.9140595";"23.9140595"
"Rua Ribeirão da Água Soca";"Altos da Vila Paiva";"Norte";"São José dos Campos, SP";"12213-082";4;"45.914406";"23.914406"
"Rua Serra dos Aimorés";"Jardim Altos de Santana";"Norte";"São José dos Campos, SP";"12214-400";2;"45.9144134";"23.9144134"
"Rua Leonídia Damasceno Veneziani";"Vila Unidos";"Norte";"São José dos Campos, SP";"12214-501";2;"45.9146025";"23.1567621"
"Rua Geraldo Messias";"Vila Unidos";"Norte";"São José dos Campos, SP";"12214-504";4;"45.914667";"23.914667"
"Rua Córrego do Sertãozinho";"Altos da Vila Paiva";"Norte";"São José dos Campos, SP";"12213-086";5;"45.9147546";"23.9147546"
"Rua Rio Pararangaba";"Altos da Vila Paiva";"Norte";"São José dos Campos, SP";"12213-076";1;"45.9147568";"23.9147568"
"Rua Pico do Bugil";"Jardim Altos de Santana";"Norte";"São José dos Campos, SP";"12214-200";1;"45.9149305";"23.9149305"
"Rua Ribeirão do Cajuru";"Altos da Vila Paiva";"Norte";"São José dos Campos, SP";"12213-080";2;"45.9151168999999";"23.1419904999999"
"Rua Pedro Antônio de Castro Pinheiros";"Vila Dirce";"Norte";"São José dos Campos, SP";"12213-041";4;"45.9151191";"23.9151191"
"Rua José Alves de Souza";"Vila Unidos";"Norte";"São José dos Campos, SP";"12214-508";5;"45.9151622";"23.9151622"
"Rua Serra dos Carajás";"Jardim Altos de Santana";"Norte";"São José dos Campos, SP";"12214-390";2;"45.9151802";"23.9151802"
"Rua Pedra do Baú";"Jardim Altos de Santana";"Norte";"São José dos Campos, SP";"12214-380";1;"45.915195";"23.915195"
"Rua Ismael de Oliveira Luiz";"Buquirinha";"Norte";"São José dos Campos, SP";"12213-770";2;"45.9152080999999";"23.1116600999999"
"Rua Pedra Alta";"Jardim Altos de Santana";"Norte";"São José dos Campos, SP";"12214-391";3;"45.9153266";"23.9153266"
"Rua Serra de Santa Bárbara";"Jardim Altos de Santana";"Norte";"São José dos Campos, SP";"12214-220";4;"45.9154823";"23.9154823"
"Avenida Pico das Agulhas Negras";"Jardim Altos de Santana";"Norte";"São José dos Campos, SP";"12214-000";4;"45.9155977";"23.1632418"
"Rua Caetano Alves Camargo";"Buquirinha";"Norte";"São José dos Campos, SP";"12213-740";3;"45.9156312";"23.1128568"
"Rua Pedra do Sino";"Jardim Altos de Santana";"Norte";"São José dos Campos, SP";"12214-210";1;"45.9156394";"23.9156394"
"Rua Geraldo Machado da Silva";"Vila Unidos";"Norte";"São José dos Campos, SP";"12214-502";5;"45.9156398";"23.9156398"
"Rua Tereza Cristina Liesack Cunha";"Buquirinha";"Norte";"São José dos Campos, SP";"12213-730";4;"45.9156475";"23.1131691"
"Rua Santo Ângelo";"Buquirinha II";"Norte";"São José dos Campos, SP";"12214-564";5;"45.915677";"23.1001276"
"Rua Ribeirão do Guirra";"Altos da Vila Paiva";"Norte";"São José dos Campos, SP";"12213-090";5;"45.9159296";"23.9159296"
"Rua Joaquim Monteiro";"Buquirinha";"Norte";"São José dos Campos, SP";"12213-760";2;"45.9160398";"23.1125197"
"Rua Córrego do Cambuí";"Altos da Vila Paiva";"Norte";"São José dos Campos, SP";"12213-092";1;"45.9161838";"23.9161838"
"Rua Córrego Santa Bárbara";"Altos da Vila Paiva";"Norte";"São José dos Campos, SP";"12213-098";5;"45.9162183999999";"23.1444521"
"Rua Pico da Bandeira";"Jardim Altos de Santana";"Norte";"São José dos Campos, SP";"12214-290";3;"45.9162693";"23.9162693"
"Rua José Mendonça da Costa";"Buquirinha";"Norte";"São José dos Campos, SP";"12213-750";2;"45.9163741";"23.1126735"
"Rua Córrego do Roncador";"Altos da Vila Paiva";"Norte";"São José dos Campos, SP";"12213-096";3;"45.9166503";"23.9166503"
"Rua Monte Everest";"Jardim Altos de Santana";"Norte";"São José dos Campos, SP";"12214-310";5;"45.9167809";"23.9167809"
"Rua Rio Turvo";"Altos da Vila Paiva";"Norte";"São José dos Campos, SP";"12213-074";1;"45.9168085";"23.9168085"
"Rua Córrego Senhorinha";"Altos da Vila Paiva";"Norte";"São José dos Campos, SP";"12213-084";3;"45.9168085";"23.9168085"
"Rua Rio Comprido";"Altos da Vila Paiva";"Norte";"São José dos Campos, SP";"12213-100";4;"45.9168508";"23.9168508"
"Rua Pedra do Capim Azul";"Jardim Altos de Santana";"Norte";"São José dos Campos, SP";"12214-260";4;"45.9169004";"23.9169004"
"Rua Ribeirão do Vidoca";"Altos da Vila Paiva";"Norte";"São José dos Campos, SP";"12213-088";1;"45.9169923";"23.9169923"
"Rua Pedra Pouso do Rochedo";"Jardim Altos de Santana";"Norte";"São José dos Campos, SP";"12214-280";4;"45.9170759";"23.9170759"
"Rua Serra da Canastra";"Jardim Altos de Santana";"Norte";"São José dos Campos, SP";"12214-300";4;"45.9171908";"23.9171908"
"Rua Serra de Jambeiro";"Jardim Altos de Santana";"Norte";"São José dos Campos, SP";"12214-320";5;"45.9171913";"23.1598521"
"Rua Alto do Araguaia";"Jardim Altos de Santana";"Norte";"São José dos Campos, SP";"12214-330";1;"45.9173915";"23.1617899"
"Rua Pico da Neblina";"Jardim Altos de Santana";"Norte";"São José dos Campos, SP";"12214-250";1;"45.9174847";"23.9174847"
"Rua Pico do Aconcagua";"Jardim Altos de Santana";"Norte";"São José dos Campos, SP";"12214-270";1;"45.9174847";"23.9174847"
"Rua Pico Cristal";"Jardim Altos de Santana";"Norte";"São José dos Campos, SP";"12214-240";1;"45.9175029";"23.9175029"
"Rua Paturi";"Buquirinha II";"Norte";"São José dos Campos, SP";"12214-563";3;"45.9175417999999";"23.0983134999999"
"Rua Pico Itapevi";"Jardim Altos de Santana";"Norte";"São José dos Campos, SP";"12214-340";1;"45.9175843";"23.9175843"
"Rua Rio do Peixe";"Altos da Vila Paiva";"Norte";"São José dos Campos, SP";"12213-078";1;"45.9176072";"23.9176072"
"Rua Monte Roraima";"Jardim Altos de Santana";"Norte";"São José dos Campos, SP";"12214-230";1;"45.9179501";"23.9179501"
"Rua Ribeirão do Butá";"Altos da Vila Paiva";"Norte";"São José dos Campos, SP";"12213-102";2;"45.9179532";"23.9179532"
"Rua Ribeirão Pau de Saia";"Altos da Vila Paiva";"Norte";"São José dos Campos, SP";"12213-104";3;"45.9184569";"23.9184569"
"Rua Corrégo Lava Pés";"Altos da Vila Paiva";"Norte";"São José dos Campos, SP";"12213-106";5;"45.9186772";"23.1438302999999"
"Rua Ribeirão do Putim";"Altos da Vila Paiva";"Norte";"São José dos Campos, SP";"12213-110";2;"45.9196119";"23.9196119"
"Rua Tereza Machado Lima";"Buquirinha II";"Norte";"São José dos Campos, SP";"12214-599";3;"45.9203509999999";"23.1124143"
"Rua Córrego Taquari";"Altos da Vila Paiva";"Norte";"São José dos Campos, SP";"12213-112";4;"45.9205476";"23.9205476"
"Rua Carlos Bruno";"Buquirinha II";"Norte";"São José dos Campos, SP";"12214-602";1;"45.920573";"23.1118980999999"
"Rua Ribeirão Caeté";"Altos da Vila Paiva";"Norte";"São José dos Campos, SP";"12213-114";4;"45.9208962";"23.9208962"
"Avenida Ubiratan Mendes";"Buquirinha II";"Norte";"São José dos Campos, SP";"12214-566";3;"45.9220369";"23.1102339999999"
"Rua Córrego do Bengalar";"Altos da Vila Paiva";"Norte";"São José dos Campos, SP";"12213-094";4;"45.9252131";"23.0850091"
"Travessa Bom Sucesso";"Santana";"Norte";"São José dos Campos, SP";"12211-843";2;"45.9285315";"23.1467367"
"Rua Serra do Japi";"Jardim Altos de Santana";"Norte";"São José dos Campos, SP";"12214-350";5;"45.9405648";"23.9405648"
"Rua São Luiz Gonzaga";"Santana";"Norte";"São José dos Campos, SP";"12212-200";1;"45.9434455";"23.9434455"
"Estrada Municipal do Jaguari";"Condomínio Residencial Jaguari - Área 5";"Norte";"São José dos Campos, SP";"12214-012";1;"45.9457442";"23.1617899999999"
"Estrada Vereador Pedro David";"Centro (São Francisco Xavier)";"Norte";"São José dos Campos, SP";"12249-029";4;"45.9491131";"22.9491131"
"Rua Luciano José das Neves";"Centro (São Francisco Xavier)";"Norte";"São José dos Campos, SP";"12249-009";3;"45.9561022";"22.9561022"
"Rua 15 de Novembro";"Centro (São Francisco Xavier)";"Norte";"São José dos Campos, SP";"12249-027";4;"45.9573051";"22.9573051"
"Rua Joaquim da Silva Maia";"Centro (São Francisco Xavier)";"Norte";"São José dos Campos, SP";"12249-023";3;"45.9573174";"22.9573174"
"Largo São Sebastião";"Centro (São Francisco Xavier)";"Norte";"São José dos Campos, SP";"12249-017";5;"45.9578808";"22.9578808"
"Rua 31 de Março";"Centro (São Francisco Xavier)";"Norte";"São José dos Campos, SP";"12249-039";3;"45.9593457";"22.9593457"
"Travessa Adelino da Silva Maia";"Centro (São Francisco Xavier)";"Norte";"São José dos Campos, SP";"12249-037";5;"45.9597959";"22.9597959"
"Praça Cônego Antonio Manzi";"Centro (São Francisco Xavier)";"Norte";"São José dos Campos, SP";"12249-013";4;"45.9605443";"22.9605443"
"Rua Ezequiel Alves Graciano";"Centro (São Francisco Xavier)";"Norte";"São José dos Campos, SP";"12249-001";1;"45.9612501";"22.9612501"
"Rua Ezequiel Antonio Batista";"Centro (São Francisco Xavier)";"Norte";"São José dos Campos, SP";"12249-033";2;"45.9614848";"22.9614848"
"Rua 13 de Maio";"Centro (São Francisco Xavier)";"Norte";"São José dos Campos, SP";"12249-015";5;"45.9620976";"22.9620976"
"Rua Peri";"Santana";"Norte";"São José dos Campos, SP";"12211-691";1;"46.5514216";"23.4563459"
"Rua Guarani";"Santana";"Norte";"São José dos Campos, SP";"12211-740";2;"46.6362522";"23.5281560999999"
"Rua Guaianazes";"Santana";"Norte";"São José dos Campos, SP";"12211-710";4;"46.6446191999999";"23.5352308999999"
"Rua Frei Henrique de Coimbra";"Santana";"Norte";"São José dos Campos, SP";"12211-280";1;"46.6907344";"23.5276965999999"
